[
    {
        "name": "paypal/rest-api-sdk-php",
        "version": "1.14.0",
        "version_normalized": "1.14.0.0",
        "source": {
            "type": "git",
            "url": "https://github.com/paypal/PayPal-PHP-SDK.git",
            "reference": "72e2f2466975bf128a31e02b15110180f059fc04"
        },
        "dist": {
            "type": "zip",
            "url": "https://api.github.com/repos/paypal/PayPal-PHP-SDK/zipball/72e2f2466975bf128a31e02b15110180f059fc04",
            "reference": "72e2f2466975bf128a31e02b15110180f059fc04",
            "shasum": ""
        },
        "require": {
            "ext-curl": "*",
            "ext-json": "*",
            "php": ">=5.3.0",
            "psr/log": "^1.0.0"
        },
        "require-dev": {
            "phpunit/phpunit": "^4.8.35"
        },
        "time": "2019-01-04T20:04:25+00:00",
        "type": "library",
        "installation-source": "dist",
        "autoload": {
            "psr-0": {
                "PayPal": "lib/"
            }
        },
        "notification-url": "https://packagist.org/downloads/",
        "license": [
            "Apache-2.0"
        ],
        "authors": [
            {
                "name": "PayPal",
                "homepage": "https://github.com/paypal/rest-api-sdk-php/contributors"
            }
        ],
        "description": "PayPal's PHP SDK for REST APIs",
        "homepage": "http://paypal.github.io/PayPal-PHP-SDK/",
        "keywords": [
            "payments",
            "paypal",
            "rest",
            "sdk"
        ]
    },
    {
        "name": "psr/log",
        "version": "1.1.0",
        "version_normalized": "1.1.0.0",
        "source": {
            "type": "git",
            "url": "https://github.com/php-fig/log.git",
            "reference": "6c001f1daafa3a3ac1d8ff69ee4db8e799a654dd"
        },
        "dist": {
            "type": "zip",
            "url": "https://api.github.com/repos/php-fig/log/zipball/6c001f1daafa3a3ac1d8ff69ee4db8e799a654dd",
            "reference": "6c001f1daafa3a3ac1d8ff69ee4db8e799a654dd",
            "shasum": ""
        },
        "require": {
            "php": ">=5.3.0"
        },
        "time": "2018-11-20T15:27:04+00:00",
        "type": "library",
        "extra": {
            "branch-alias": {
                "dev-master": "1.0.x-dev"
            }
        },
        "installation-source": "dist",
        "autoload": {
            "psr-4": {
                "Psr\\Log\\": "Psr/Log/"
            }
        },
        "notification-url": "https://packagist.org/downloads/",
        "license": [
            "MIT"
        ],
        "authors": [
            {
                "name": "PHP-FIG",
                "homepage": "http://www.php-fig.org/"
            }
        ],
        "description": "Common interface for logging libraries",
        "homepage": "https://github.com/php-fig/log",
        "keywords": [
            "log",
            "psr",
            "psr-3"
        ]
    }
]
